text,stimulus,conditions,corrAns,congruent,comment,discs,prePic
2,stimuliPics/MM11.bmp,mm,1,1,MATCHING TESTTRIALS,11,stimuliPics/MM00.bmp
2,stimuliPics/MM11.bmp,mm,1,1,MATCHING TESTTRIALS,11,stimuliPics/MM00.bmp
2,stimuliPics/BB11.bmp,bb,1,1,MATCHING TESTTRIALS,11,stimuliPics/BB00.bmp
2,stimuliPics/BB11.bmp,bb,1,1,MATCHING TESTTRIALS,11,stimuliPics/BB00.bmp
2,stimuliPics/MB11.bmp,mb,1,1,MATCHING TESTTRIALS,11,stimuliPics/MB00.bmp
2,stimuliPics/BM11.bmp,mb,1,1,MATCHING TESTTRIALS,11,stimuliPics/BM00.bmp
2,stimuliPics/MM11.bmp,mm,1,1,MATCHING TESTTRIALS,11,stimuliPics/MM00.bmp
2,stimuliPics/MM11.bmp,mm,1,1,MATCHING TESTTRIALS,11,stimuliPics/MM00.bmp
2,stimuliPics/BB11.bmp,bb,1,1,MATCHING TESTTRIALS,11,stimuliPics/BB00.bmp
2,stimuliPics/BB11.bmp,bb,1,1,MATCHING TESTTRIALS,11,stimuliPics/BB00.bmp
2,stimuliPics/MB11.bmp,mb,1,1,MATCHING TESTTRIALS,11,stimuliPics/MB00.bmp
2,stimuliPics/BM11.bmp,mb,1,1,MATCHING TESTTRIALS,11,stimuliPics/BM00.bmp
3,stimuliPics/MM12.bmp,mm,1,1,MATCHING TESTTRIALS,12,stimuliPics/MM00.bmp
3,stimuliPics/MM12.bmp,mm,1,1,MATCHING TESTTRIALS,12,stimuliPics/MM00.bmp
3,stimuliPics/BB12.bmp,bb,1,1,MATCHING TESTTRIALS,12,stimuliPics/BB00.bmp
3,stimuliPics/BB12.bmp,bb,1,1,MATCHING TESTTRIALS,12,stimuliPics/BB00.bmp
3,stimuliPics/MB12.bmp,mb,1,1,MATCHING TESTTRIALS,12,stimuliPics/MB00.bmp
3,stimuliPics/BM12.bmp,mb,1,1,MATCHING TESTTRIALS,12,stimuliPics/BM00.bmp
4,stimuliPics/MM13.bmp,mm,1,1,MATCHING TESTTRIALS,13,stimuliPics/MM00.bmp
4,stimuliPics/MM13.bmp,mm,1,1,MATCHING TESTTRIALS,13,stimuliPics/MM00.bmp
4,stimuliPics/BB13.bmp,bb,1,1,MATCHING TESTTRIALS,13,stimuliPics/BB00.bmp
4,stimuliPics/BB13.bmp,bb,1,1,MATCHING TESTTRIALS,13,stimuliPics/BB00.bmp
4,stimuliPics/MB13.bmp,mb,1,1,MATCHING TESTTRIALS,13,stimuliPics/MB00.bmp
4,stimuliPics/BM13.bmp,mb,1,1,MATCHING TESTTRIALS,13,stimuliPics/BM00.bmp
3,stimuliPics/MM21.bmp,mm,1,1,MATCHING TESTTRIALS,21,stimuliPics/MM00.bmp
3,stimuliPics/MM21.bmp,mm,1,1,MATCHING TESTTRIALS,21,stimuliPics/MM00.bmp
3,stimuliPics/BB21.bmp,bb,1,1,MATCHING TESTTRIALS,21,stimuliPics/BB00.bmp
3,stimuliPics/BB21.bmp,bb,1,1,MATCHING TESTTRIALS,21,stimuliPics/BB00.bmp
3,stimuliPics/MB21.bmp,mb,1,1,MATCHING TESTTRIALS,21,stimuliPics/MB00.bmp
3,stimuliPics/BM21.bmp,mb,1,1,MATCHING TESTTRIALS,21,stimuliPics/BM00.bmp
4,stimuliPics/MM31.bmp,mm,1,1,MATCHING TESTTRIALS,31,stimuliPics/MM00.bmp
4,stimuliPics/MM31.bmp,mm,1,1,MATCHING TESTTRIALS,31,stimuliPics/MM00.bmp
4,stimuliPics/BB31.bmp,bb,1,1,MATCHING TESTTRIALS,31,stimuliPics/BB00.bmp
4,stimuliPics/BB31.bmp,bb,1,1,MATCHING TESTTRIALS,31,stimuliPics/BB00.bmp
4,stimuliPics/MB31.bmp,mb,1,1,MATCHING TESTTRIALS,31,stimuliPics/MB00.bmp
4,stimuliPics/BM31.bmp,mb,1,1,MATCHING TESTTRIALS,31,stimuliPics/BM00.bmp
4,stimuliPics/MM22.bmp,mm,1,1,MATCHING TESTTRIALS,22,stimuliPics/MM00.bmp
4,stimuliPics/MM22.bmp,mm,1,1,MATCHING TESTTRIALS,22,stimuliPics/MM00.bmp
4,stimuliPics/BB22.bmp,bb,1,1,MATCHING TESTTRIALS,22,stimuliPics/BB00.bmp
4,stimuliPics/BB22.bmp,bb,1,1,MATCHING TESTTRIALS,22,stimuliPics/BB00.bmp
4,stimuliPics/MB22.bmp,mb,1,1,MATCHING TESTTRIALS,22,stimuliPics/MB00.bmp
4,stimuliPics/BM22.bmp,mb,1,1,MATCHING TESTTRIALS,22,stimuliPics/BM00.bmp
4,stimuliPics/MM22.bmp,mm,1,1,MATCHING TESTTRIALS,22,stimuliPics/MM00.bmp
4,stimuliPics/MM22.bmp,mm,1,1,MATCHING TESTTRIALS,22,stimuliPics/MM00.bmp
4,stimuliPics/BB22.bmp,bb,1,1,MATCHING TESTTRIALS,22,stimuliPics/BB00.bmp
4,stimuliPics/BB22.bmp,bb,1,1,MATCHING TESTTRIALS,22,stimuliPics/BB00.bmp
4,stimuliPics/MB22.bmp,mb,1,1,MATCHING TESTTRIALS,22,stimuliPics/MB00.bmp
4,stimuliPics/BM22.bmp,mb,1,1,MATCHING TESTTRIALS,22,stimuliPics/BM00.bmp
12,stimuliPics/MM11.bmp,mm,0,,MISMATCHING TESTTRIALS,11,stimuliPics/MM00.bmp
12,stimuliPics/MM11.bmp,mm,0,,MISMATCHING TESTTRIALS,11,stimuliPics/MM00.bmp
12,stimuliPics/BB11.bmp,bb,0,,MISMATCHING TESTTRIALS,11,stimuliPics/BB00.bmp
12,stimuliPics/BB11.bmp,bb,0,,MISMATCHING TESTTRIALS,11,stimuliPics/BB00.bmp
12,stimuliPics/MB11.bmp,mb,0,,MISMATCHING TESTTRIALS,11,stimuliPics/MB00.bmp
12,stimuliPics/BM11.bmp,mb,0,,MISMATCHING TESTTRIALS,11,stimuliPics/BM00.bmp
12,stimuliPics/MM11.bmp,mm,0,,MISMATCHING TESTTRIALS,11,stimuliPics/MM00.bmp
12,stimuliPics/MM11.bmp,mm,0,,MISMATCHING TESTTRIALS,11,stimuliPics/MM00.bmp
12,stimuliPics/BB11.bmp,bb,0,,MISMATCHING TESTTRIALS,11,stimuliPics/BB00.bmp
12,stimuliPics/BB11.bmp,bb,0,,MISMATCHING TESTTRIALS,11,stimuliPics/BB00.bmp
12,stimuliPics/MB11.bmp,mb,0,,MISMATCHING TESTTRIALS,11,stimuliPics/MB00.bmp
12,stimuliPics/BM11.bmp,mb,0,,MISMATCHING TESTTRIALS,11,stimuliPics/BM00.bmp
13,stimuliPics/MM12.bmp,mm,0,,MISMATCHING TESTTRIALS,12,stimuliPics/MM00.bmp
13,stimuliPics/MM12.bmp,mm,0,,MISMATCHING TESTTRIALS,12,stimuliPics/MM00.bmp
13,stimuliPics/BB12.bmp,bb,0,,MISMATCHING TESTTRIALS,12,stimuliPics/BB00.bmp
13,stimuliPics/BB12.bmp,bb,0,,MISMATCHING TESTTRIALS,12,stimuliPics/BB00.bmp
13,stimuliPics/MB12.bmp,mb,0,,MISMATCHING TESTTRIALS,12,stimuliPics/MB00.bmp
13,stimuliPics/BM12.bmp,mb,0,,MISMATCHING TESTTRIALS,12,stimuliPics/BM00.bmp
14,stimuliPics/MM13.bmp,mm,0,,MISMATCHING TESTTRIALS,13,stimuliPics/MM00.bmp
14,stimuliPics/MM13.bmp,mm,0,,MISMATCHING TESTTRIALS,13,stimuliPics/MM00.bmp
14,stimuliPics/BB13.bmp,bb,0,,MISMATCHING TESTTRIALS,13,stimuliPics/BB00.bmp
14,stimuliPics/BB13.bmp,bb,0,,MISMATCHING TESTTRIALS,13,stimuliPics/BB00.bmp
14,stimuliPics/MB13.bmp,mb,0,,MISMATCHING TESTTRIALS,13,stimuliPics/MB00.bmp
14,stimuliPics/BM13.bmp,mb,0,,MISMATCHING TESTTRIALS,13,stimuliPics/BM00.bmp
13,stimuliPics/MM21.bmp,mm,0,,MISMATCHING TESTTRIALS,21,stimuliPics/MM00.bmp
13,stimuliPics/MM21.bmp,mm,0,,MISMATCHING TESTTRIALS,21,stimuliPics/MM00.bmp
13,stimuliPics/BB21.bmp,bb,0,,MISMATCHING TESTTRIALS,21,stimuliPics/BB00.bmp
13,stimuliPics/BB21.bmp,bb,0,,MISMATCHING TESTTRIALS,21,stimuliPics/BB00.bmp
13,stimuliPics/MB21.bmp,mb,0,,MISMATCHING TESTTRIALS,21,stimuliPics/MB00.bmp
13,stimuliPics/BM21.bmp,mb,0,,MISMATCHING TESTTRIALS,21,stimuliPics/BM00.bmp
14,stimuliPics/MM31.bmp,mm,0,,MISMATCHING TESTTRIALS,31,stimuliPics/MM00.bmp
14,stimuliPics/MM31.bmp,mm,0,,MISMATCHING TESTTRIALS,31,stimuliPics/MM00.bmp
14,stimuliPics/BB31.bmp,bb,0,,MISMATCHING TESTTRIALS,31,stimuliPics/BB00.bmp
14,stimuliPics/BB31.bmp,bb,0,,MISMATCHING TESTTRIALS,31,stimuliPics/BB00.bmp
14,stimuliPics/MB31.bmp,mb,0,,MISMATCHING TESTTRIALS,31,stimuliPics/MB00.bmp
14,stimuliPics/BM31.bmp,mb,0,,MISMATCHING TESTTRIALS,31,stimuliPics/BM00.bmp
14,stimuliPics/MM22.bmp,mm,0,,MISMATCHING TESTTRIALS,22,stimuliPics/MM00.bmp
14,stimuliPics/MM22.bmp,mm,0,,MISMATCHING TESTTRIALS,22,stimuliPics/MM00.bmp
14,stimuliPics/BB22.bmp,bb,0,,MISMATCHING TESTTRIALS,22,stimuliPics/BB00.bmp
14,stimuliPics/BB22.bmp,bb,0,,MISMATCHING TESTTRIALS,22,stimuliPics/BB00.bmp
14,stimuliPics/MB22.bmp,mb,0,,MISMATCHING TESTTRIALS,22,stimuliPics/MB00.bmp
14,stimuliPics/BM22.bmp,mb,0,,MISMATCHING TESTTRIALS,22,stimuliPics/BM00.bmp
14,stimuliPics/MM22.bmp,mm,0,,MISMATCHING TESTTRIALS,22,stimuliPics/MM00.bmp
14,stimuliPics/MM22.bmp,mm,0,,MISMATCHING TESTTRIALS,22,stimuliPics/MM00.bmp
14,stimuliPics/BB22.bmp,bb,0,,MISMATCHING TESTTRIALS,22,stimuliPics/BB00.bmp
14,stimuliPics/BB22.bmp,bb,0,,MISMATCHING TESTTRIALS,22,stimuliPics/BB00.bmp
14,stimuliPics/MB22.bmp,mb,0,,MISMATCHING TESTTRIALS,22,stimuliPics/MB00.bmp
14,stimuliPics/BM22.bmp,mb,0,,MISMATCHING TESTTRIALS,22,stimuliPics/BM00.bmp
1,stimuliPics/BB01.bmp,bb,1,,FILLERS PILOTSTUDY V2,1,stimuliPics/BB00.bmp
13,stimuliPics/MM30.bmp,mm,0,,FILLERS PILOTSTUDY V2,30,stimuliPics/MM00.bmp
3,stimuliPics/BM30.bmp,mb,1,,FILLERS PILOTSTUDY V2,30,stimuliPics/BM00.bmp
11,stimuliPics/BB10.bmp,bb,0,,FILLERS PILOTSTUDY V2,10,stimuliPics/BB00.bmp
2,stimuliPics/MM02.bmp,mm,1,,FILLERS PILOTSTUDY V2,2,stimuliPics/MM00.bmp
12,stimuliPics/MM20.bmp,mm,0,,FILLERS PILOTSTUDY V2,20,stimuliPics/MM00.bmp
3,stimuliPics/BB03.bmp,bb,1,,FILLERS PILOTSTUDY V2,3,stimuliPics/BB00.bmp
11,stimuliPics/BB01.bmp,bb,0,,FILLERS PILOTSTUDY V2,1,stimuliPics/BB00.bmp
1,stimuliPics/BM10.bmp,mb,1,,FILLERS PILOTSTUDY V2,1,stimuliPics/BM00.bmp
1,stimuliPics/MB01.bmp,mb,1,,FILLERS PILOTSTUDY V2,1,stimuliPics/MB00.bmp
12,stimuliPics/MB02.bmp,mb,0,,FILLERS PILOTSTUDY V2,2,stimuliPics/MB00.bmp
11,stimuliPics/MM10.bmp,mm,0,,FILLERS PILOTSTUDY V2,20,stimuliPics/MM00.bmp
