text,stimulus,conditions,corrAns,congruent,comment,discs,prePic
2,stimuliPics/FF11.bmp,mm,1,1,MATCHING TESTTRIALS,11,stimuliPics/FF00.bmp
2,stimuliPics/FF11.bmp,mm,1,1,MATCHING TESTTRIALS,11,stimuliPics/FF00.bmp
2,stimuliPics/BB11.bmp,bb,1,1,MATCHING TESTTRIALS,11,stimuliPics/BB00.bmp
2,stimuliPics/BB11.bmp,bb,1,1,MATCHING TESTTRIALS,11,stimuliPics/BB00.bmp
2,stimuliPics/FB11.bmp,mb,1,1,MATCHING TESTTRIALS,11,stimuliPics/FB00.bmp
2,stimuliPics/BF11.bmp,mb,1,1,MATCHING TESTTRIALS,11,stimuliPics/BF00.bmp
2,stimuliPics/FF11.bmp,mm,1,1,MATCHING TESTTRIALS,11,stimuliPics/FF00.bmp
2,stimuliPics/FF11.bmp,mm,1,1,MATCHING TESTTRIALS,11,stimuliPics/FF00.bmp
2,stimuliPics/BB11.bmp,bb,1,1,MATCHING TESTTRIALS,11,stimuliPics/BB00.bmp
2,stimuliPics/BB11.bmp,bb,1,1,MATCHING TESTTRIALS,11,stimuliPics/BB00.bmp
2,stimuliPics/FB11.bmp,mb,1,1,MATCHING TESTTRIALS,11,stimuliPics/FB00.bmp
2,stimuliPics/BF11.bmp,mb,1,1,MATCHING TESTTRIALS,11,stimuliPics/BF00.bmp
3,stimuliPics/FF12.bmp,mm,1,1,MATCHING TESTTRIALS,12,stimuliPics/FF00.bmp
3,stimuliPics/FF12.bmp,mm,1,1,MATCHING TESTTRIALS,12,stimuliPics/FF00.bmp
3,stimuliPics/BB12.bmp,bb,1,1,MATCHING TESTTRIALS,12,stimuliPics/BB00.bmp
3,stimuliPics/BB12.bmp,bb,1,1,MATCHING TESTTRIALS,12,stimuliPics/BB00.bmp
3,stimuliPics/FB12.bmp,mb,1,1,MATCHING TESTTRIALS,12,stimuliPics/FB00.bmp
3,stimuliPics/BF12.bmp,mb,1,1,MATCHING TESTTRIALS,12,stimuliPics/BF00.bmp
4,stimuliPics/FF13.bmp,mm,1,1,MATCHING TESTTRIALS,13,stimuliPics/FF00.bmp
4,stimuliPics/FF13.bmp,mm,1,1,MATCHING TESTTRIALS,13,stimuliPics/FF00.bmp
4,stimuliPics/BB13.bmp,bb,1,1,MATCHING TESTTRIALS,13,stimuliPics/BB00.bmp
4,stimuliPics/BB13.bmp,bb,1,1,MATCHING TESTTRIALS,13,stimuliPics/BB00.bmp
4,stimuliPics/FB13.bmp,mb,1,1,MATCHING TESTTRIALS,13,stimuliPics/FB00.bmp
4,stimuliPics/BF13.bmp,mb,1,1,MATCHING TESTTRIALS,13,stimuliPics/BF00.bmp
3,stimuliPics/FF21.bmp,mm,1,1,MATCHING TESTTRIALS,21,stimuliPics/FF00.bmp
3,stimuliPics/FF21.bmp,mm,1,1,MATCHING TESTTRIALS,21,stimuliPics/FF00.bmp
3,stimuliPics/BB21.bmp,bb,1,1,MATCHING TESTTRIALS,21,stimuliPics/BB00.bmp
3,stimuliPics/BB21.bmp,bb,1,1,MATCHING TESTTRIALS,21,stimuliPics/BB00.bmp
3,stimuliPics/FB21.bmp,mb,1,1,MATCHING TESTTRIALS,21,stimuliPics/FB00.bmp
3,stimuliPics/BF21.bmp,mb,1,1,MATCHING TESTTRIALS,21,stimuliPics/BF00.bmp
4,stimuliPics/FF31.bmp,mm,1,1,MATCHING TESTTRIALS,31,stimuliPics/FF00.bmp
4,stimuliPics/FF31.bmp,mm,1,1,MATCHING TESTTRIALS,31,stimuliPics/FF00.bmp
4,stimuliPics/BB31.bmp,bb,1,1,MATCHING TESTTRIALS,31,stimuliPics/BB00.bmp
4,stimuliPics/BB31.bmp,bb,1,1,MATCHING TESTTRIALS,31,stimuliPics/BB00.bmp
4,stimuliPics/FB31.bmp,mb,1,1,MATCHING TESTTRIALS,31,stimuliPics/FB00.bmp
4,stimuliPics/BF31.bmp,mb,1,1,MATCHING TESTTRIALS,31,stimuliPics/BF00.bmp
4,stimuliPics/FF22.bmp,mm,1,1,MATCHING TESTTRIALS,22,stimuliPics/FF00.bmp
4,stimuliPics/FF22.bmp,mm,1,1,MATCHING TESTTRIALS,22,stimuliPics/FF00.bmp
4,stimuliPics/BB22.bmp,bb,1,1,MATCHING TESTTRIALS,22,stimuliPics/BB00.bmp
4,stimuliPics/BB22.bmp,bb,1,1,MATCHING TESTTRIALS,22,stimuliPics/BB00.bmp
4,stimuliPics/FB22.bmp,mb,1,1,MATCHING TESTTRIALS,22,stimuliPics/FB00.bmp
4,stimuliPics/BF22.bmp,mb,1,1,MATCHING TESTTRIALS,22,stimuliPics/BF00.bmp
4,stimuliPics/FF22.bmp,mm,1,1,MATCHING TESTTRIALS,22,stimuliPics/FF00.bmp
4,stimuliPics/FF22.bmp,mm,1,1,MATCHING TESTTRIALS,22,stimuliPics/FF00.bmp
4,stimuliPics/BB22.bmp,bb,1,1,MATCHING TESTTRIALS,22,stimuliPics/BB00.bmp
4,stimuliPics/BB22.bmp,bb,1,1,MATCHING TESTTRIALS,22,stimuliPics/BB00.bmp
4,stimuliPics/FB22.bmp,mb,1,1,MATCHING TESTTRIALS,22,stimuliPics/FB00.bmp
4,stimuliPics/BF22.bmp,mb,1,1,MATCHING TESTTRIALS,22,stimuliPics/BF00.bmp
12,stimuliPics/FF11.bmp,mm,0,,MISMATCHING TESTTRIALS,11,stimuliPics/FF00.bmp
12,stimuliPics/FF11.bmp,mm,0,,MISMATCHING TESTTRIALS,11,stimuliPics/FF00.bmp
12,stimuliPics/BB11.bmp,bb,0,,MISMATCHING TESTTRIALS,11,stimuliPics/BB00.bmp
12,stimuliPics/BB11.bmp,bb,0,,MISMATCHING TESTTRIALS,11,stimuliPics/BB00.bmp
12,stimuliPics/FB11.bmp,mb,0,,MISMATCHING TESTTRIALS,11,stimuliPics/FB00.bmp
12,stimuliPics/BF11.bmp,mb,0,,MISMATCHING TESTTRIALS,11,stimuliPics/BF00.bmp
12,stimuliPics/FF11.bmp,mm,0,,MISMATCHING TESTTRIALS,11,stimuliPics/FF00.bmp
12,stimuliPics/FF11.bmp,mm,0,,MISMATCHING TESTTRIALS,11,stimuliPics/FF00.bmp
12,stimuliPics/BB11.bmp,bb,0,,MISMATCHING TESTTRIALS,11,stimuliPics/BB00.bmp
12,stimuliPics/BB11.bmp,bb,0,,MISMATCHING TESTTRIALS,11,stimuliPics/BB00.bmp
12,stimuliPics/FB11.bmp,mb,0,,MISMATCHING TESTTRIALS,11,stimuliPics/FB00.bmp
12,stimuliPics/BF11.bmp,mb,0,,MISMATCHING TESTTRIALS,11,stimuliPics/BF00.bmp
13,stimuliPics/FF12.bmp,mm,0,,MISMATCHING TESTTRIALS,12,stimuliPics/FF00.bmp
13,stimuliPics/FF12.bmp,mm,0,,MISMATCHING TESTTRIALS,12,stimuliPics/FF00.bmp
13,stimuliPics/BB12.bmp,bb,0,,MISMATCHING TESTTRIALS,12,stimuliPics/BB00.bmp
13,stimuliPics/BB12.bmp,bb,0,,MISMATCHING TESTTRIALS,12,stimuliPics/BB00.bmp
13,stimuliPics/FB12.bmp,mb,0,,MISMATCHING TESTTRIALS,12,stimuliPics/FB00.bmp
13,stimuliPics/BF12.bmp,mb,0,,MISMATCHING TESTTRIALS,12,stimuliPics/BF00.bmp
14,stimuliPics/FF13.bmp,mm,0,,MISMATCHING TESTTRIALS,13,stimuliPics/FF00.bmp
14,stimuliPics/FF13.bmp,mm,0,,MISMATCHING TESTTRIALS,13,stimuliPics/FF00.bmp
14,stimuliPics/BB13.bmp,bb,0,,MISMATCHING TESTTRIALS,13,stimuliPics/BB00.bmp
14,stimuliPics/BB13.bmp,bb,0,,MISMATCHING TESTTRIALS,13,stimuliPics/BB00.bmp
14,stimuliPics/FB13.bmp,mb,0,,MISMATCHING TESTTRIALS,13,stimuliPics/FB00.bmp
14,stimuliPics/BF13.bmp,mb,0,,MISMATCHING TESTTRIALS,13,stimuliPics/BF00.bmp
13,stimuliPics/FF21.bmp,mm,0,,MISMATCHING TESTTRIALS,21,stimuliPics/FF00.bmp
13,stimuliPics/FF21.bmp,mm,0,,MISMATCHING TESTTRIALS,21,stimuliPics/FF00.bmp
13,stimuliPics/BB21.bmp,bb,0,,MISMATCHING TESTTRIALS,21,stimuliPics/BB00.bmp
13,stimuliPics/BB21.bmp,bb,0,,MISMATCHING TESTTRIALS,21,stimuliPics/BB00.bmp
13,stimuliPics/FB21.bmp,mb,0,,MISMATCHING TESTTRIALS,21,stimuliPics/FB00.bmp
13,stimuliPics/BF21.bmp,mb,0,,MISMATCHING TESTTRIALS,21,stimuliPics/BF00.bmp
14,stimuliPics/FF31.bmp,mm,0,,MISMATCHING TESTTRIALS,31,stimuliPics/FF00.bmp
14,stimuliPics/FF31.bmp,mm,0,,MISMATCHING TESTTRIALS,31,stimuliPics/FF00.bmp
14,stimuliPics/BB31.bmp,bb,0,,MISMATCHING TESTTRIALS,31,stimuliPics/BB00.bmp
14,stimuliPics/BB31.bmp,bb,0,,MISMATCHING TESTTRIALS,31,stimuliPics/BB00.bmp
14,stimuliPics/FB31.bmp,mb,0,,MISMATCHING TESTTRIALS,31,stimuliPics/FB00.bmp
14,stimuliPics/BF31.bmp,mb,0,,MISMATCHING TESTTRIALS,31,stimuliPics/BF00.bmp
14,stimuliPics/FF22.bmp,mm,0,,MISMATCHING TESTTRIALS,22,stimuliPics/FF00.bmp
14,stimuliPics/FF22.bmp,mm,0,,MISMATCHING TESTTRIALS,22,stimuliPics/FF00.bmp
14,stimuliPics/BB22.bmp,bb,0,,MISMATCHING TESTTRIALS,22,stimuliPics/BB00.bmp
14,stimuliPics/BB22.bmp,bb,0,,MISMATCHING TESTTRIALS,22,stimuliPics/BB00.bmp
14,stimuliPics/FB22.bmp,mb,0,,MISMATCHING TESTTRIALS,22,stimuliPics/FB00.bmp
14,stimuliPics/BF22.bmp,mb,0,,MISMATCHING TESTTRIALS,22,stimuliPics/BF00.bmp
14,stimuliPics/FF22.bmp,mm,0,,MISMATCHING TESTTRIALS,22,stimuliPics/FF00.bmp
14,stimuliPics/FF22.bmp,mm,0,,MISMATCHING TESTTRIALS,22,stimuliPics/FF00.bmp
14,stimuliPics/BB22.bmp,bb,0,,MISMATCHING TESTTRIALS,22,stimuliPics/BB00.bmp
14,stimuliPics/BB22.bmp,bb,0,,MISMATCHING TESTTRIALS,22,stimuliPics/BB00.bmp
14,stimuliPics/FB22.bmp,mb,0,,MISMATCHING TESTTRIALS,22,stimuliPics/FB00.bmp
14,stimuliPics/BF22.bmp,mb,0,,MISMATCHING TESTTRIALS,22,stimuliPics/BF00.bmp
1,stimuliPics/BB01.bmp,bb,1,,FILLERS PILOTSTUDY V2,1,stimuliPics/BB00.bmp
13,stimuliPics/FF30.bmp,mm,0,,FILLERS PILOTSTUDY V2,30,stimuliPics/FF00.bmp
3,stimuliPics/BF30.bmp,mb,1,,FILLERS PILOTSTUDY V2,30,stimuliPics/BF00.bmp
11,stimuliPics/BB10.bmp,bb,0,,FILLERS PILOTSTUDY V2,10,stimuliPics/BB00.bmp
2,stimuliPics/FF02.bmp,mm,1,,FILLERS PILOTSTUDY V2,2,stimuliPics/FF00.bmp
12,stimuliPics/FF20.bmp,mm,0,,FILLERS PILOTSTUDY V2,20,stimuliPics/FF00.bmp
3,stimuliPics/BB03.bmp,bb,1,,FILLERS PILOTSTUDY V2,3,stimuliPics/BB00.bmp
11,stimuliPics/BB01.bmp,bb,0,,FILLERS PILOTSTUDY V2,1,stimuliPics/BB00.bmp
1,stimuliPics/BF10.bmp,mb,1,,FILLERS PILOTSTUDY V2,1,stimuliPics/BF00.bmp
1,stimuliPics/FB01.bmp,mb,1,,FILLERS PILOTSTUDY V2,1,stimuliPics/FB00.bmp
12,stimuliPics/FB02.bmp,mb,0,,FILLERS PILOTSTUDY V2,2,stimuliPics/FB00.bmp
11,stimuliPics/FF10.bmp,mm,0,,FILLERS PILOTSTUDY V2,20,stimuliPics/FF00.bmp
